{
    "name": "FriendsListPanel", "type": "FriendsListPanel",
    "fields": {
        "rect": {"width": 659, "height": 1265 },
        "mainMenuPosition": { "x": 500, "y": 500 },
        "inGamePosition": { "x": 295, "y": 140 },
        // Priority needs to be higher than chat/chat channels widget
        "priority": 2000000000,
    },
    "children": [
        {
            "type": "ClickCatcherWidget", "name": "ClickCatcher",
            "fields": {
                "fitToParent": true,
            }
        },
        {
            "type": "ImageWidget", "name": "BackgroundImage",
            "fields": {
                "filename": "Lobby\\FriendsList\\FriendList_MainPanel"
            }
        },
        {
            "type":"ButtonWidget", "name": "OnlineStatus",
            "fields": {
                "rect": { "x": 12, "y": 13 },
                "hoveredFrame": 2,
                "filename": "Lobby\\FriendsList\\FriendList_StatusButton",
                "onClickMessage": "FriendsListMessage:ToggleOnlineStatusList",
                "tooltipString": "@OnlineButton",
            },
            "children": [
                {
                    "type": "ImageWidget", "name": "StatusIcon",
                    "fields": {
                        "rect": {"x": 18, "y": 18 },
                         "filename": "Lobby\\FriendsList\\FriendList_Status",
                    }
                },
            ]
        },
        {
            "type": "TextBoxWidget", "name": "PlayerName",
            "fields": {
                "rect": { "x": 81, "y": 19, "width": 665, "height": 43 },
                "style": {
                    "fontColor": "$FontColorLightGold",
                    "pointSize": "$MediumFontSize",
                    "alignment": { "h": "center", "v": "center" },
                    "spacing": "$MinimumSpacing"
                }
            }
        },
        {
            "type": "ButtonWidget", "name": "CloseButton",
            "fields": {
                "rect": { "x": 744, "y": 10 },
                "filename": "Lobby\\FriendsList\\FriendList_CloseBTN",
                "tooltipString": "@strClose",
                "sound": "cursor_close_window_hd",
                "onClickMessage": "PanelManager:ClosePanel:FriendsListPanel",
                "hoveredFrame": 3,
                "disabledFrame": 2,
                "disabledTint": { "a": 1.0 },
            }
        },
        {
            "type": "FriendsRecyclingListWidget", "name": "FriendsList",
            "fields": {
                "dataSource": "combined",
                "presenceGameIconOffset": 85,
                "presenceGameIconArray": [
                        1112752496, // 00 - BSAp -- BattleNetApp NOTE: This is default any unknown ID.
                        5198665,    // 01 - OSI -- Diablo 2: Ressurected
                        17459,      // 02 - D3 -- Diablo 3
                        1214607983, // 03 - Hero -- Heros of the storm
                        1329875278, // 04 - ODIN -- Cod: Modern Warfare
                        1279351378, // 05 - LAZR -- CoD: Modern Warfare 2
                        1447645266, // 06 - VIPR -- CoD: Black Ops 4
                        1514493267, // 07 - ZEUS -- CoD: Black Ops Cold War
                        5272175,    // 08 - Pro -- Overwatch
                        21297,      // 09 - S1 -- Starcraft
                        21298,      // 10 - S2 -- Starcraft 2
                        22323,      // 11 - W3 -- Warcraft 3
                        1464615513, // 12 - WLBY -- Crash Bandacoot 4
                        5730135,    // 13 - WoW -- World of Warcraft
                        1465140039, // 14 - WTCG -- Hearthstone
                        1179603525, // 15 - FORE -- CoD: Vangard
                        1381257807, // 16 - RTRO -- Blizzard Arcade Collection
                    ],
                "direction": "vertical",
                "rect": {"x": 6, "y": 81, "width": 769, "height": 1062 },
            },
            "children": [
                {
                    "type": "HoverListItemWidget", "name": "Template",
                    "fields": {
                        "rect": { "x": 0, "y": 0, "width": 769, "height": 98 },
                    },
                    "children": [
                        {
                            "type": "ToggleButtonWidget", "name": "ListToggle",
                            "fields": {
                                "rect": { "x": 0, "y": 0 },
                                "filename": "Lobby\\FriendsList\\FriendsList_HeaderBackground",
                                // Untoggled Frames
                                "untoggledFrame": 0,
                                "untoggledPressedFrame": 1,
                                "untoggledHoveredFrame": 2,
                                // Toggled Frames
                                "toggledFrame": 3,
                                "toggledPressedFrame": 4,
                                "toggledHoveredFrame": 5,
                            },
                            "children": [
                                {
                                    "type": "TextBoxWidget", "name": "ToggleButtonText",
                                    "fields": {
                                        "rect": { "x": 12, "y": 5, "width": 702, "height": 44 },
                                        "text": "@FriendsDropdownTitle",
                                        "style": {
                                            "fontColor": "$FontColorLightGold",
                                            "pointSize": "$MediumFontSize",
                                            "alignment": { "h": "left", "v": "center" },
                                            "spacing": "$ReducedSpacing"
                                        }
                                    }
                                },
                            ]
                        },
                        {
                            "type": "Widget", "name": "ListItem",
                            "children": [
                                {
                                    "type": "ImageWidget", "name": "Image",
                                    "fields": {
                                        "rect": {"x": 0, "y": 0 },
                                        "filename": "Lobby\\FriendsList\\FriendList_Slots",
                                    }
                                },
                                {
                                    "type": "ImageWidget", "name": "PresenceGameIcon",
                                    "fields": {
                                        "rect": {"x": 20, "y": 20, "scale": 1.5 },
                                        "filename": "Lobby\\FriendsList\\PresenceGameIcons\\presence_game_icon",
                                    }
                                },
                                {
                                    "type": "Widget", "name": "InfoContainer",
                                    "children": [
                                        {
                                            "type": "ImageWidget", "name": "OnlineStatusImage",
                                            "fields": {
                                                "rect": { "x": 18, "y": 24 },
                                                "filename": "Lobby\\FriendsList\\FriendList_Status"
                                            }
                                        },
                                        {
                                            "type": "TextBoxWidget", "name": "Name",
                                            "fields": {
                                                "rect": { "x": 44, "y": 0, "width": 575, "height": 60 },
                                                "style": {
                                                    "fontColor": "$FontColorLightGold",
                                                    "pointSize": "$MediumFontSize",
                                                    "alignment": { "h": "left", "v": "center" },
                                                    "spacing": "$ReducedSpacing"
                                                },
                                                "useAltStyleIfDoesntFit": true,
                                                "altStyle": {
                                                    "fontColor": "$FontColorLightGold",
                                                    "pointSize": "$SmallFontSize",
                                                    "alignment": { "h": "left", "v": "center" },
                                                    "spacing": "$MinimumSpacing"
                                                },
                                            },
                                            "children": [
                                                {
                                                    "type": "FocusableWidget", "name": "FullNameTooltip",
                                                    "fields": {
                                                        "rect": { "width": 575, "height": 60 },
                                                    }
                                                }
                                            ]
                                        },
                                        {
                                            "type": "TextBoxWidget", "name": "Location",
                                            "fields": {
                                                "rect": { "x": 14, "y": 35, "width": 446, "height": 60 },
                                                "style": {
                                                    "fontFace": "BlizzardGlobal",
                                                    "fontColor": "$FontColorDarkGrayBlue",
                                                    "pointSize": "$SmallFontSize",
                                                    "alignment": { "h": "left", "v": "center" },
                                                    "spacing": "$MinimumSpacing"
                                                }
                                            }
                                        },
                                        {
                                            "type": "ButtonWidget", "name": "AcceptInvite",
                                            "fields": {
                                                "rect": { "x": 617, "y": 30 },
                                                "filename":  "Lobby\\FriendsList\\FriendsList_AcceptInvite_Button",
                                                "onClickMessage": "FriendsListMessage:AcceptInvite",
                                                "tooltipString": "@ControllerPromptModalAccept",
                                                "hoveredFrame":1
                                            }
                                        },
                                        {
                                            "type": "ButtonWidget", "name": "RejectInvite",
                                            "fields": {
                                                "rect": { "x": 686, "y": 30 },
                                                "filename":  "Lobby\\FriendsList\\FriendsList_RejectInvite_Button",
                                                "onClickMessage": "FriendsListMessage:RejectInvite",
                                                "tooltipString": "@Reject",
                                                "hoveredFrame":1
                                            }
                                        }
                                    ]
                                }
                            ]
                        }
                    ]
                },
            ]
        },
        {
            "type": "ImageWidget", "name": "ScrollBarBackground",
            "fields": {
                "rect": { "x": 775, "y": 82 },
                "filename": "Lobby\\FriendsList\\FriendList_Scrollbar"
            }
        },
        {
            "type": "ScrollControllerWidget", "name": "ScrollBar",
            "fields": {
                "rect": { "x": 780, "y": 110, "width": 30, "height": 1010 },
                "upArrowFilepath": "FrontEnd\\HD\\Final\\FrontEnd_ScrollUpBtn", // 0/2
                "downArrowFilepath": "FrontEnd\\HD\\Final\\FrontEnd_ScrollDownBtn", // 1/3
                "barFilepath": "FrontEnd\\HD\\Final\\FrontEnd_ScrollIndicator", // 4
                "viewName": "FriendsList"
            }
        },
        {
            "type": "ButtonWidget", "name": "AddFriends",
            "fields": {
                "rect": { "x": 6, "y": 1153 },
                "filename":  "Lobby\\FriendsList\\FriendList_Button",
                "tooltipString": "@AddFriend",
                "onClickMessage": "PanelManager:OpenPanel:AddFriendModal",
                "hoveredFrame": 1,
                "pressedFrame": 2,
                "disabledFrame": 3,
                "disabledTint": { "a": 1.0 },
            },
            "children": [
                {
                    "type": "ImageWidget", "name": "Icon",
                    "fields": {
                        "rect": { "x": 386, "y": 20 },
                        "filename": "Lobby\\FriendsList\\FriendList_AddFriendIcon"
                    }
                },
            ]
        },
        {
            "type": "ImageWidget", "name": "OnlineStatusDropdown",
            "fields": {
                "rect": { "x": 15, "y": 70 },
                "filename": "Lobby\\FriendsList\\FriendList_StatusDropdownFrame"
            },
            "children": [
                {
                    "type": "ListWidget", "name": "OnlineStatusOptions",
                    "fields": {
                        "rect": { "x": 4, "y": 2, "width": 50, "height": 176 },
                        "direction": "vertical",
                        "isHoverList": true,
                        "itemSelectionMessage": "FriendsListMessage:SetOnlineStatus",
                        "selectorName": "Selector"
                    },
                    "children": [
                        {
                            "type": "HoverListItemWidget", "name": "OnlineStatusTemplate",
                            "fields": {
                                "rect": { "x": 0, "y": 0, "width": 50, "height": 43 },
                            },
                            "children": [
                                // Hoverable icon
                                {
                                    "type": "ImageWidget", "name": "Image",
                                    "fields": {
                                        "filename": "Lobby\\FriendsList\\FriendList_StatusTiles"
                                    },
                                    "children": [
                                        // Status icon
                                        {
                                            "type":"ImageWidget", "name": "OnlineStatusGem",
                                            "fields": {
                                                "rect": { "x": 18, "y": 15 },
                                                "filename": "Lobby\\FriendsList\\FriendList_Status",
                                                "frame": 0
                                            }
                                        },
                                    ]
                                },
                            ]
                        },
                        {
                            "type": "Widget", "name": "Selector",
                        }
                    ]
                }
            ]
        },

    ]
}
